{
  "$schema": "https://json-schema.org/draft/2020-12/schema",
  "title": "AI/ML Ontology",
  "type": "object",
  "properties": {
    "types": {
      "type": "array"
    },
    "relations": {
      "type": "array"
    }
  },
  "required": [
    "types",
    "relations"
  ],
  "example": {
    "types": [
      {
        "name": "AIModel",
        "parents": [
          "Concept"
        ],
        "required_properties": [
          {
            "property": "architecture",
            "value_type": "String",
            "cardinality": "ExactlyOne"
          },
          {
            "property": "parameter_count",
            "value_type": "Integer",
            "cardinality": "ExactlyOne"
          }
        ]
      },
      {
        "name": "LLM",
        "parents": [
          "AIModel"
        ],
        "required_properties": [
          {
            "property": "context_window",
            "value_type": "Integer",
            "cardinality": "ExactlyOne"
          }
        ]
      },
      {
        "name": "Dataset",
        "parents": [
          "Concept"
        ]
      },
      {
        "name": "Task",
        "parents": [
          "Concept"
        ]
      }
    ],
    "relations": [
      {
        "name": "trained_on",
        "domain": [
          "AIModel"
        ],
        "range": [
          "Dataset"
        ],
        "properties": {
          "irreflexive": true
        }
      },
      {
        "name": "improves_upon",
        "domain": [
          "AIModel"
        ],
        "range": [
          "AIModel"
        ],
        "properties": {
          "transitive": true,
          "asymmetric": true,
          "irreflexive": true
        }
      },
      {
        "name": "capable_of",
        "domain": [
          "AIModel"
        ],
        "range": [
          "Task"
        ]
      }
    ]
  }
}