{
  "$schema": "https://json-schema.org/draft/2020-12/schema",
  "title": "Base Ontology",
  "type": "object",
  "properties": {
    "types": {
      "type": "array",
      "items": {
        "type": "object",
        "properties": {
          "name": {
            "type": "string"
          },
          "parents": {
            "type": "array",
            "items": {
              "type": "string"
            }
          },
          "required_properties": {
            "type": "array",
            "items": {
              "type": "object",
              "properties": {
                "property": {
                  "type": "string"
                },
                "value_type": {
                  "type": "string"
                },
                "cardinality": {
                  "type": "string"
                }
              },
              "required": [
                "property",
                "value_type",
                "cardinality"
              ]
            }
          }
        },
        "required": [
          "name"
        ]
      }
    },
    "relations": {
      "type": "array",
      "items": {
        "type": "object",
        "properties": {
          "name": {
            "type": "string"
          },
          "domain": {
            "type": "array",
            "items": {
              "type": "string"
            }
          },
          "range": {
            "type": "array",
            "items": {
              "type": "string"
            }
          },
          "properties": {
            "type": "object",
            "properties": {
              "transitive": {
                "type": "boolean"
              },
              "symmetric": {
                "type": "boolean"
              },
              "asymmetric": {
                "type": "boolean"
              },
              "reflexive": {
                "type": "boolean"
              },
              "irreflexive": {
                "type": "boolean"
              },
              "functional": {
                "type": "boolean"
              },
              "inverse_functional": {
                "type": "boolean"
              }
            }
          }
        },
        "required": [
          "name",
          "domain",
          "range"
        ]
      }
    }
  },
  "required": [
    "types",
    "relations"
  ]
}